{
    "loss": 0.2883918881416321,
    "accuracy": 0.9568345546722412
}