{
    "loss": 0.4635864496231079,
    "accuracy": 0.9208633303642273
}