{
    "loss": 0.8273727893829346,
    "accuracy": 0.9568345546722412
}